Operator,Working set,Memory use,MACs
efficientnetv2-s_1/rescaling_1/mul,0 354,3538944,0
efficientnetv2-s_1/rescaling_1/add,354 355,3538944,442368
efficientnetv2-s_1/stem_bn_1/batchnorm/add_1;efficientnetv2-s_1/stem_conv_1/convolution;efficientnetv2-s_1/stem_bn_1/batchnorm/sub,355 356,5308416,23887872
efficientnetv2-s_1/stem_activation_1/Sigmoid,356 357,7077888,0
efficientnetv2-s_1/stem_activation_1/mul_1,356 357 358,10616832,0
efficientnetv2-s_1/block1a_project_bn_1/batchnorm/add_1;efficientnetv2-s_1/block1a_project_conv_1/convolution;efficientnetv2-s_1/block1a_project_bn_1/batchnorm/sub,358 359,7077888,191102976
efficientnetv2-s_1/block1a_project_activation_1/Sigmoid,358 359 360,10616832,0
efficientnetv2-s_1/block1a_project_activation_1/mul_1,358 359 360 361,14155776,0
efficientnetv2-s_1/block1a_add_1/Add,358 361 362,10616832,884736
efficientnetv2-s_1/block1b_project_bn_1/batchnorm/add_1;efficientnetv2-s_1/block1b_project_conv_1/convolution;efficientnetv2-s_1/block1b_project_bn_1/batchnorm/sub,362 363,7077888,191102976
efficientnetv2-s_1/block1b_project_activation_1/Sigmoid,362 363 364,10616832,0
efficientnetv2-s_1/block1b_project_activation_1/mul_1,362 363 364 365,14155776,0
efficientnetv2-s_1/block1b_add_1/Add,362 365 366,10616832,884736
efficientnetv2-s_1/block2a_expand_bn_1/batchnorm/add_1;efficientnetv2-s_1/block2a_expand_conv_1/convolution;efficientnetv2-s_1/block2a_expand_bn_1/batchnorm/sub,366 367,7077888,191102976
efficientnetv2-s_1/block2a_expand_activation_1/Sigmoid,367 368,7077888,0
efficientnetv2-s_1/block2a_expand_activation_1/mul_1,367 368 369,10616832,0
efficientnetv2-s_1/block2a_project_bn_1/batchnorm/add_1;efficientnetv2-s_1/block2a_project_conv_1/convolution;efficientnetv2-s_1/block2a_project_bn_1/batchnorm/sub,369 370,5308416,42467328
efficientnetv2-s_1/block2b_expand_bn_1/batchnorm/add_1;efficientnetv2-s_1/block2b_expand_conv_1/convolution;efficientnetv2-s_1/block2b_expand_bn_1/batchnorm/sub,370 371,8847360,764411904
efficientnetv2-s_1/block2b_expand_activation_1/Sigmoid,370 371 372,15925248,0
efficientnetv2-s_1/block2b_expand_activation_1/mul_1,370 371 372 373,23003136,0
efficientnetv2-s_1/block2b_project_bn_1/batchnorm/add_1;efficientnetv2-s_1/block2b_project_conv_1/convolution;efficientnetv2-s_1/block2b_project_bn_1/batchnorm/sub,370 373 374,10616832,84934656
efficientnetv2-s_1/block2b_add_1/Add,370 374 375,5308416,442368
efficientnetv2-s_1/block2c_expand_bn_1/batchnorm/add_1;efficientnetv2-s_1/block2c_expand_conv_1/convolution;efficientnetv2-s_1/block2c_expand_bn_1/batchnorm/sub,375 376,8847360,764411904
efficientnetv2-s_1/block2c_expand_activation_1/Sigmoid,375 376 377,15925248,0
efficientnetv2-s_1/block2c_expand_activation_1/mul_1,375 376 377 378,23003136,0
efficientnetv2-s_1/block2c_project_bn_1/batchnorm/add_1;efficientnetv2-s_1/block2c_project_conv_1/convolution;efficientnetv2-s_1/block2c_project_bn_1/batchnorm/sub,375 378 379,10616832,84934656
efficientnetv2-s_1/block2c_add_1/Add,375 379 380,5308416,442368
efficientnetv2-s_1/block2d_expand_bn_1/batchnorm/add_1;efficientnetv2-s_1/block2d_expand_conv_1/convolution;efficientnetv2-s_1/block2d_expand_bn_1/batchnorm/sub,380 381,8847360,764411904
efficientnetv2-s_1/block2d_expand_activation_1/Sigmoid,380 381 382,15925248,0
efficientnetv2-s_1/block2d_expand_activation_1/mul_1,380 381 382 383,23003136,0
efficientnetv2-s_1/block2d_project_bn_1/batchnorm/add_1;efficientnetv2-s_1/block2d_project_conv_1/convolution;efficientnetv2-s_1/block2d_project_bn_1/batchnorm/sub,380 383 384,10616832,84934656
efficientnetv2-s_1/block2d_add_1/Add,380 384 385,5308416,442368
efficientnetv2-s_1/block3a_expand_bn_1/batchnorm/add_1;efficientnetv2-s_1/block3a_expand_conv_1/convolution;efficientnetv2-s_1/block3a_expand_bn_1/batchnorm/sub,385 386,3538944,191102976
efficientnetv2-s_1/block3a_expand_activation_1/Sigmoid,386 387,3538944,0
efficientnetv2-s_1/block3a_expand_activation_1/mul_1,386 387 388,5308416,0
efficientnetv2-s_1/block3a_project_bn_1/batchnorm/add_1;efficientnetv2-s_1/block3a_project_conv_1/convolution;efficientnetv2-s_1/block3a_project_bn_1/batchnorm/sub,388 389,2359296,28311552
efficientnetv2-s_1/block3b_expand_bn_1/batchnorm/add_1;efficientnetv2-s_1/block3b_expand_conv_1/convolution;efficientnetv2-s_1/block3b_expand_bn_1/batchnorm/sub,389 390,2949120,339738624
efficientnetv2-s_1/block3b_expand_activation_1/Sigmoid,389 390 391,5308416,0
efficientnetv2-s_1/block3b_expand_activation_1/mul_1,389 390 391 392,7667712,0
efficientnetv2-s_1/block3b_project_bn_1/batchnorm/add_1;efficientnetv2-s_1/block3b_project_conv_1/convolution;efficientnetv2-s_1/block3b_project_bn_1/batchnorm/sub,389 392 393,3538944,37748736
efficientnetv2-s_1/block3b_add_1/Add,389 393 394,1769472,147456
efficientnetv2-s_1/block3c_expand_bn_1/batchnorm/add_1;efficientnetv2-s_1/block3c_expand_conv_1/convolution;efficientnetv2-s_1/block3c_expand_bn_1/batchnorm/sub,394 395,2949120,339738624
efficientnetv2-s_1/block3c_expand_activation_1/Sigmoid,394 395 396,5308416,0
efficientnetv2-s_1/block3c_expand_activation_1/mul_1,394 395 396 397,7667712,0
efficientnetv2-s_1/block3c_project_bn_1/batchnorm/add_1;efficientnetv2-s_1/block3c_project_conv_1/convolution;efficientnetv2-s_1/block3c_project_bn_1/batchnorm/sub,394 397 398,3538944,37748736
efficientnetv2-s_1/block3c_add_1/Add,394 398 399,1769472,147456
efficientnetv2-s_1/block3d_expand_bn_1/batchnorm/add_1;efficientnetv2-s_1/block3d_expand_conv_1/convolution;efficientnetv2-s_1/block3d_expand_bn_1/batchnorm/sub,399 400,2949120,339738624
efficientnetv2-s_1/block3d_expand_activation_1/Sigmoid,399 400 401,5308416,0
efficientnetv2-s_1/block3d_expand_activation_1/mul_1,399 400 401 402,7667712,0
efficientnetv2-s_1/block3d_project_bn_1/batchnorm/add_1;efficientnetv2-s_1/block3d_project_conv_1/convolution;efficientnetv2-s_1/block3d_project_bn_1/batchnorm/sub,399 402 403,3538944,37748736
efficientnetv2-s_1/block3d_add_1/Add,399 403 404,1769472,147456
efficientnetv2-s_1/block4a_expand_bn_1/batchnorm/add_1;efficientnetv2-s_1/block4a_expand_conv_1/convolution;efficientnetv2-s_1/block4a_expand_bn_1/batchnorm/sub,404 405,2949120,37748736
efficientnetv2-s_1/block4a_expand_activation_1/Sigmoid,405 406,4718592,0
efficientnetv2-s_1/block4a_expand_activation_1/mul_1,405 406 407,7077888,0
efficientnetv2-s_1/block4a_bn_1/batchnorm/add_1;efficientnetv2-s_1/block4a_bn_1/batchnorm/mul_1;efficientnetv2-s_1/block4a_dwconv2_1/depthwise;efficientnetv2-s_1/block4a_bn_1/batchnorm/mul;efficientnetv2-s_1/block4a_bn_1/batchnorm/sub,407 408,2949120,1327104
efficientnetv2-s_1/block4a_activation_1/Sigmoid,408 409,1179648,0
efficientnetv2-s_1/block4a_activation_1/mul_1,408 409 410,1769472,0
efficientnetv2-s_1/block4a_se_squeeze_1/Mean,410 411,590848,147456
efficientnetv2-s_1/block4a_se_reshape_1/Shape,410 411 412,590856,0
efficientnetv2-s_1/block4a_se_reshape_1/strided_slice,410 411 412 413,590860,0
efficientnetv2-s_1/block4a_se_reshape_1/Reshape/shape,410 411 413 414,590868,0
efficientnetv2-s_1/block4a_se_reshape_1/Reshape,410 411 414 415,591888,0
efficientnetv2-s_1/block4a_se_reduce_1/BiasAdd;efficientnetv2-s_1/block4a_se_reduce_1/convolution;efficientnetv2-s_1/block4a_se_reduce_1/Squeeze,410 415 416,590912,4096
efficientnetv2-s_1/block4a_se_reduce_1/Sigmoid,410 416 417,589952,0
efficientnetv2-s_1/block4a_se_reduce_1/mul_1,410 416 417 418,590016,0
efficientnetv2-s_1/block4a_se_expand_1/BiasAdd;efficientnetv2-s_1/block4a_se_expand_1/convolution;efficientnetv2-s_1/block4a_se_expand_1/Squeeze,410 418 419,590912,4096
efficientnetv2-s_1/block4a_se_expand_1/Sigmoid,410 419 420,591872,0
efficientnetv2-s_1/block4a_se_excite_1/Mul,410 420 421,1180672,0
efficientnetv2-s_1/block4a_project_bn_1/batchnorm/add_1;efficientnetv2-s_1/block4a_project_conv_1/convolution;efficientnetv2-s_1/block4a_project_bn_1/batchnorm/sub,421 422,884736,18874368
efficientnetv2-s_1/block4b_expand_bn_1/batchnorm/add_1;efficientnetv2-s_1/block4b_expand_conv_1/convolution;efficientnetv2-s_1/block4b_expand_bn_1/batchnorm/sub,422 423,1474560,37748736
efficientnetv2-s_1/block4b_expand_activation_1/Sigmoid,422 423 424,2654208,0
efficientnetv2-s_1/block4b_expand_activation_1/mul_1,422 423 424 425,3833856,0
efficientnetv2-s_1/block4b_bn_1/batchnorm/add_1;efficientnetv2-s_1/block4b_bn_1/batchnorm/mul_1;efficientnetv2-s_1/block4b_dwconv2_1/depthwise;efficientnetv2-s_1/block4b_bn_1/batchnorm/mul;efficientnetv2-s_1/block4b_bn_1/batchnorm/sub,422 425 426,2654208,2654208
efficientnetv2-s_1/block4b_activation_1/Sigmoid,422 426 427,2654208,0
efficientnetv2-s_1/block4b_activation_1/mul_1,422 426 427 428,3833856,0
efficientnetv2-s_1/block4b_se_squeeze_1/Mean,422 428 429,1476608,294912
efficientnetv2-s_1/block4b_se_reshape_1/Shape,422 428 429 430,1476616,0
efficientnetv2-s_1/block4b_se_reshape_1/strided_slice,422 428 429 430 431,1476620,0
efficientnetv2-s_1/block4b_se_reshape_1/Reshape/shape,422 428 429 431 432,1476628,0
efficientnetv2-s_1/block4b_se_reshape_1/Reshape,422 428 429 432 433,1478672,0
efficientnetv2-s_1/block4b_se_reduce_1/BiasAdd;efficientnetv2-s_1/block4b_se_reduce_1/convolution;efficientnetv2-s_1/block4b_se_reduce_1/Squeeze,422 428 433 434,1476736,16384
efficientnetv2-s_1/block4b_se_reduce_1/Sigmoid,422 428 434 435,1474816,0
efficientnetv2-s_1/block4b_se_reduce_1/mul_1,422 428 434 435 436,1474944,0
efficientnetv2-s_1/block4b_se_expand_1/BiasAdd;efficientnetv2-s_1/block4b_se_expand_1/convolution;efficientnetv2-s_1/block4b_se_expand_1/Squeeze,422 428 436 437,1476736,16384
efficientnetv2-s_1/block4b_se_expand_1/Sigmoid,422 428 437 438,1478656,0
efficientnetv2-s_1/block4b_se_excite_1/Mul,422 428 438 439,2656256,0
efficientnetv2-s_1/block4b_project_bn_1/batchnorm/add_1;efficientnetv2-s_1/block4b_project_conv_1/convolution;efficientnetv2-s_1/block4b_project_bn_1/batchnorm/sub,422 439 440,1769472,37748736
efficientnetv2-s_1/block4b_add_1/Add,422 440 441,884736,73728
efficientnetv2-s_1/block4c_expand_bn_1/batchnorm/add_1;efficientnetv2-s_1/block4c_expand_conv_1/convolution;efficientnetv2-s_1/block4c_expand_bn_1/batchnorm/sub,441 442,1474560,37748736
efficientnetv2-s_1/block4c_expand_activation_1/Sigmoid,441 442 443,2654208,0
efficientnetv2-s_1/block4c_expand_activation_1/mul_1,441 442 443 444,3833856,0
efficientnetv2-s_1/block4c_bn_1/batchnorm/add_1;efficientnetv2-s_1/block4c_bn_1/batchnorm/mul_1;efficientnetv2-s_1/block4c_dwconv2_1/depthwise;efficientnetv2-s_1/block4c_bn_1/batchnorm/mul;efficientnetv2-s_1/block4c_bn_1/batchnorm/sub,441 444 445,2654208,2654208
efficientnetv2-s_1/block4c_activation_1/Sigmoid,441 445 446,2654208,0
efficientnetv2-s_1/block4c_activation_1/mul_1,441 445 446 447,3833856,0
efficientnetv2-s_1/block4c_se_squeeze_1/Mean,441 447 448,1476608,294912
efficientnetv2-s_1/block4c_se_reshape_1/Shape,441 447 448 449,1476616,0
efficientnetv2-s_1/block4c_se_reshape_1/strided_slice,441 447 448 449 450,1476620,0
efficientnetv2-s_1/block4c_se_reshape_1/Reshape/shape,441 447 448 450 451,1476628,0
efficientnetv2-s_1/block4c_se_reshape_1/Reshape,441 447 448 451 452,1478672,0
efficientnetv2-s_1/block4c_se_reduce_1/BiasAdd;efficientnetv2-s_1/block4c_se_reduce_1/convolution;efficientnetv2-s_1/block4c_se_reduce_1/Squeeze,441 447 452 453,1476736,16384
efficientnetv2-s_1/block4c_se_reduce_1/Sigmoid,441 447 453 454,1474816,0
efficientnetv2-s_1/block4c_se_reduce_1/mul_1,441 447 453 454 455,1474944,0
efficientnetv2-s_1/block4c_se_expand_1/BiasAdd;efficientnetv2-s_1/block4c_se_expand_1/convolution;efficientnetv2-s_1/block4c_se_expand_1/Squeeze,441 447 455 456,1476736,16384
efficientnetv2-s_1/block4c_se_expand_1/Sigmoid,441 447 456 457,1478656,0
efficientnetv2-s_1/block4c_se_excite_1/Mul,441 447 457 458,2656256,0
efficientnetv2-s_1/block4c_project_bn_1/batchnorm/add_1;efficientnetv2-s_1/block4c_project_conv_1/convolution;efficientnetv2-s_1/block4c_project_bn_1/batchnorm/sub,441 458 459,1769472,37748736
efficientnetv2-s_1/block4c_add_1/Add,441 459 460,884736,73728
efficientnetv2-s_1/block4d_expand_bn_1/batchnorm/add_1;efficientnetv2-s_1/block4d_expand_conv_1/convolution;efficientnetv2-s_1/block4d_expand_bn_1/batchnorm/sub,460 461,1474560,37748736
efficientnetv2-s_1/block4d_expand_activation_1/Sigmoid,460 461 462,2654208,0
efficientnetv2-s_1/block4d_expand_activation_1/mul_1,460 461 462 463,3833856,0
efficientnetv2-s_1/block4d_bn_1/batchnorm/add_1;efficientnetv2-s_1/block4d_bn_1/batchnorm/mul_1;efficientnetv2-s_1/block4d_dwconv2_1/depthwise;efficientnetv2-s_1/block4d_bn_1/batchnorm/mul;efficientnetv2-s_1/block4d_bn_1/batchnorm/sub,460 463 464,2654208,2654208
efficientnetv2-s_1/block4d_activation_1/Sigmoid,460 464 465,2654208,0
efficientnetv2-s_1/block4d_activation_1/mul_1,460 464 465 466,3833856,0
efficientnetv2-s_1/block4d_se_squeeze_1/Mean,460 466 467,1476608,294912
efficientnetv2-s_1/block4d_se_reshape_1/Shape,460 466 467 468,1476616,0
efficientnetv2-s_1/block4d_se_reshape_1/strided_slice,460 466 467 468 469,1476620,0
efficientnetv2-s_1/block4d_se_reshape_1/Reshape/shape,460 466 467 469 470,1476628,0
efficientnetv2-s_1/block4d_se_reshape_1/Reshape,460 466 467 470 471,1478672,0
efficientnetv2-s_1/block4d_se_reduce_1/BiasAdd;efficientnetv2-s_1/block4d_se_reduce_1/convolution;efficientnetv2-s_1/block4d_se_reduce_1/Squeeze,460 466 471 472,1476736,16384
efficientnetv2-s_1/block4d_se_reduce_1/Sigmoid,460 466 472 473,1474816,0
efficientnetv2-s_1/block4d_se_reduce_1/mul_1,460 466 472 473 474,1474944,0
efficientnetv2-s_1/block4d_se_expand_1/BiasAdd;efficientnetv2-s_1/block4d_se_expand_1/convolution;efficientnetv2-s_1/block4d_se_expand_1/Squeeze,460 466 474 475,1476736,16384
efficientnetv2-s_1/block4d_se_expand_1/Sigmoid,460 466 475 476,1478656,0
efficientnetv2-s_1/block4d_se_excite_1/Mul,460 466 476 477,2656256,0
efficientnetv2-s_1/block4d_project_bn_1/batchnorm/add_1;efficientnetv2-s_1/block4d_project_conv_1/convolution;efficientnetv2-s_1/block4d_project_bn_1/batchnorm/sub,460 477 478,1769472,37748736
efficientnetv2-s_1/block4d_add_1/Add,460 478 479,884736,73728
efficientnetv2-s_1/block4e_expand_bn_1/batchnorm/add_1;efficientnetv2-s_1/block4e_expand_conv_1/convolution;efficientnetv2-s_1/block4e_expand_bn_1/batchnorm/sub,479 480,1474560,37748736
efficientnetv2-s_1/block4e_expand_activation_1/Sigmoid,479 480 481,2654208,0
efficientnetv2-s_1/block4e_expand_activation_1/mul_1,479 480 481 482,3833856,0
efficientnetv2-s_1/block4e_bn_1/batchnorm/add_1;efficientnetv2-s_1/block4e_bn_1/batchnorm/mul_1;efficientnetv2-s_1/block4e_dwconv2_1/depthwise;efficientnetv2-s_1/block4e_bn_1/batchnorm/mul;efficientnetv2-s_1/block4e_bn_1/batchnorm/sub,479 482 483,2654208,2654208
efficientnetv2-s_1/block4e_activation_1/Sigmoid,479 483 484,2654208,0
efficientnetv2-s_1/block4e_activation_1/mul_1,479 483 484 485,3833856,0
efficientnetv2-s_1/block4e_se_squeeze_1/Mean,479 485 486,1476608,294912
efficientnetv2-s_1/block4e_se_reshape_1/Shape,479 485 486 487,1476616,0
efficientnetv2-s_1/block4e_se_reshape_1/strided_slice,479 485 486 487 488,1476620,0
efficientnetv2-s_1/block4e_se_reshape_1/Reshape/shape,479 485 486 488 489,1476628,0
efficientnetv2-s_1/block4e_se_reshape_1/Reshape,479 485 486 489 490,1478672,0
efficientnetv2-s_1/block4e_se_reduce_1/BiasAdd;efficientnetv2-s_1/block4e_se_reduce_1/convolution;efficientnetv2-s_1/block4e_se_reduce_1/Squeeze,479 485 490 491,1476736,16384
efficientnetv2-s_1/block4e_se_reduce_1/Sigmoid,479 485 491 492,1474816,0
efficientnetv2-s_1/block4e_se_reduce_1/mul_1,479 485 491 492 493,1474944,0
efficientnetv2-s_1/block4e_se_expand_1/BiasAdd;efficientnetv2-s_1/block4e_se_expand_1/convolution;efficientnetv2-s_1/block4e_se_expand_1/Squeeze,479 485 493 494,1476736,16384
efficientnetv2-s_1/block4e_se_expand_1/Sigmoid,479 485 494 495,1478656,0
efficientnetv2-s_1/block4e_se_excite_1/Mul,479 485 495 496,2656256,0
efficientnetv2-s_1/block4e_project_bn_1/batchnorm/add_1;efficientnetv2-s_1/block4e_project_conv_1/convolution;efficientnetv2-s_1/block4e_project_bn_1/batchnorm/sub,479 496 497,1769472,37748736
efficientnetv2-s_1/block4e_add_1/Add,479 497 498,884736,73728
efficientnetv2-s_1/block4f_expand_bn_1/batchnorm/add_1;efficientnetv2-s_1/block4f_expand_conv_1/convolution;efficientnetv2-s_1/block4f_expand_bn_1/batchnorm/sub,498 499,1474560,37748736
efficientnetv2-s_1/block4f_expand_activation_1/Sigmoid,498 499 500,2654208,0
efficientnetv2-s_1/block4f_expand_activation_1/mul_1,498 499 500 501,3833856,0
efficientnetv2-s_1/block4f_bn_1/batchnorm/add_1;efficientnetv2-s_1/block4f_bn_1/batchnorm/mul_1;efficientnetv2-s_1/block4f_dwconv2_1/depthwise;efficientnetv2-s_1/block4f_bn_1/batchnorm/mul;efficientnetv2-s_1/block4f_bn_1/batchnorm/sub,498 501 502,2654208,2654208
efficientnetv2-s_1/block4f_activation_1/Sigmoid,498 502 503,2654208,0
efficientnetv2-s_1/block4f_activation_1/mul_1,498 502 503 504,3833856,0
efficientnetv2-s_1/block4f_se_squeeze_1/Mean,498 504 505,1476608,294912
efficientnetv2-s_1/block4f_se_reshape_1/Shape,498 504 505 506,1476616,0
efficientnetv2-s_1/block4f_se_reshape_1/strided_slice,498 504 505 506 507,1476620,0
efficientnetv2-s_1/block4f_se_reshape_1/Reshape/shape,498 504 505 507 508,1476628,0
efficientnetv2-s_1/block4f_se_reshape_1/Reshape,498 504 505 508 509,1478672,0
efficientnetv2-s_1/block4f_se_reduce_1/BiasAdd;efficientnetv2-s_1/block4f_se_reduce_1/convolution;efficientnetv2-s_1/block4f_se_reduce_1/Squeeze,498 504 509 510,1476736,16384
efficientnetv2-s_1/block4f_se_reduce_1/Sigmoid,498 504 510 511,1474816,0
efficientnetv2-s_1/block4f_se_reduce_1/mul_1,512 498 504 510 511,1474944,0
efficientnetv2-s_1/block4f_se_expand_1/BiasAdd;efficientnetv2-s_1/block4f_se_expand_1/convolution;efficientnetv2-s_1/block4f_se_expand_1/Squeeze,512 513 498 504,1476736,16384
efficientnetv2-s_1/block4f_se_expand_1/Sigmoid,513 514 498 504,1478656,0
efficientnetv2-s_1/block4f_se_excite_1/Mul,514 515 498 504,2656256,0
efficientnetv2-s_1/block4f_project_bn_1/batchnorm/add_1;efficientnetv2-s_1/block4f_project_conv_1/convolution;efficientnetv2-s_1/block4f_project_bn_1/batchnorm/sub,515 516 498,1769472,37748736
efficientnetv2-s_1/block4f_add_1/Add,517 516 498,884736,73728
efficientnetv2-s_1/block5a_expand_bn_1/batchnorm/add_1;efficientnetv2-s_1/block5a_expand_conv_1/convolution;efficientnetv2-s_1/block5a_expand_bn_1/batchnorm/sub,518 517,2064384,56623104
efficientnetv2-s_1/block5a_expand_activation_1/Sigmoid,518 519,3538944,0
efficientnetv2-s_1/block5a_expand_activation_1/mul_1,518 519 520,5308416,0
efficientnetv2-s_1/block5a_bn_1/batchnorm/add_1;efficientnetv2-s_1/block5a_bn_1/batchnorm/mul_1;efficientnetv2-s_1/block5a_dwconv2_1/depthwise;efficientnetv2-s_1/block5a_bn_1/batchnorm/mul;efficientnetv2-s_1/block5a_bn_1/batchnorm/sub,521 520,3538944,3981312
efficientnetv2-s_1/block5a_activation_1/Sigmoid,521 522,3538944,0
efficientnetv2-s_1/block5a_activation_1/mul_1,521 522 523,5308416,0
efficientnetv2-s_1/block5a_se_squeeze_1/Mean,523 524,1772544,442368
efficientnetv2-s_1/block5a_se_reshape_1/Shape,523 524 525,1772552,0
efficientnetv2-s_1/block5a_se_reshape_1/strided_slice,523 524 525 526,1772556,0
efficientnetv2-s_1/block5a_se_reshape_1/Reshape/shape,527 523 524 526,1772564,0
efficientnetv2-s_1/block5a_se_reshape_1/Reshape,527 528 523 524,1775632,0
efficientnetv2-s_1/block5a_se_reduce_1/BiasAdd;efficientnetv2-s_1/block5a_se_reduce_1/convolution;efficientnetv2-s_1/block5a_se_reduce_1/Squeeze,528 529 523,1772672,24576
efficientnetv2-s_1/block5a_se_reduce_1/Sigmoid,529 530 523,1769728,0
efficientnetv2-s_1/block5a_se_reduce_1/mul_1,529 530 531 523,1769856,0
efficientnetv2-s_1/block5a_se_expand_1/BiasAdd;efficientnetv2-s_1/block5a_se_expand_1/convolution;efficientnetv2-s_1/block5a_se_expand_1/Squeeze,531 532 523,1772672,24576
efficientnetv2-s_1/block5a_se_expand_1/Sigmoid,532 533 523,1775616,0
efficientnetv2-s_1/block5a_se_excite_1/Mul,533 534 523,3542016,0
efficientnetv2-s_1/block5a_project_bn_1/batchnorm/add_1;efficientnetv2-s_1/block5a_project_conv_1/convolution;efficientnetv2-s_1/block5a_project_bn_1/batchnorm/sub,534 535,2138112,70778880
efficientnetv2-s_1/block5b_expand_bn_1/batchnorm/add_1;efficientnetv2-s_1/block5b_expand_conv_1/convolution;efficientnetv2-s_1/block5b_expand_bn_1/batchnorm/sub,535 536,2580480,88473600
efficientnetv2-s_1/block5b_expand_activation_1/Sigmoid,535 536 537,4792320,0
efficientnetv2-s_1/block5b_expand_activation_1/mul_1,535 536 537 538,7004160,0
efficientnetv2-s_1/block5b_bn_1/batchnorm/add_1;efficientnetv2-s_1/block5b_bn_1/batchnorm/mul_1;efficientnetv2-s_1/block5b_dwconv2_1/depthwise;efficientnetv2-s_1/block5b_bn_1/batchnorm/mul;efficientnetv2-s_1/block5b_bn_1/batchnorm/sub,535 538 539,4792320,4976640
efficientnetv2-s_1/block5b_activation_1/Sigmoid,535 539 540,4792320,0
efficientnetv2-s_1/block5b_activation_1/mul_1,535 539 540 541,7004160,0
efficientnetv2-s_1/block5b_se_squeeze_1/Mean,535 541 542,2584320,552960
efficientnetv2-s_1/block5b_se_reshape_1/Shape,535 541 542 543,2584328,0
efficientnetv2-s_1/block5b_se_reshape_1/strided_slice,535 541 542 543 544,2584332,0
efficientnetv2-s_1/block5b_se_reshape_1/Reshape/shape,535 541 542 544 545,2584340,0
efficientnetv2-s_1/block5b_se_reshape_1/Reshape,535 541 542 545 546,2588176,0
efficientnetv2-s_1/block5b_se_reduce_1/BiasAdd;efficientnetv2-s_1/block5b_se_reduce_1/convolution;efficientnetv2-s_1/block5b_se_reduce_1/Squeeze,535 541 546 547,2584480,38400
efficientnetv2-s_1/block5b_se_reduce_1/Sigmoid,535 541 547 548,2580800,0
efficientnetv2-s_1/block5b_se_reduce_1/mul_1,535 541 547 548 549,2580960,0
efficientnetv2-s_1/block5b_se_expand_1/BiasAdd;efficientnetv2-s_1/block5b_se_expand_1/convolution;efficientnetv2-s_1/block5b_se_expand_1/Squeeze,535 550 541 549,2584480,38400
efficientnetv2-s_1/block5b_se_expand_1/Sigmoid,535 550 541 551,2588160,0
efficientnetv2-s_1/block5b_se_excite_1/Mul,535 541 551 552,4796160,0
efficientnetv2-s_1/block5b_project_bn_1/batchnorm/add_1;efficientnetv2-s_1/block5b_project_conv_1/convolution;efficientnetv2-s_1/block5b_project_bn_1/batchnorm/sub,535 552 553,2949120,88473600
efficientnetv2-s_1/block5b_add_1/Add,535 554 553,1105920,92160
efficientnetv2-s_1/block5c_expand_bn_1/batchnorm/add_1;efficientnetv2-s_1/block5c_expand_conv_1/convolution;efficientnetv2-s_1/block5c_expand_bn_1/batchnorm/sub,555 554,2580480,88473600
efficientnetv2-s_1/block5c_expand_activation_1/Sigmoid,555 556 554,4792320,0
efficientnetv2-s_1/block5c_expand_activation_1/mul_1,555 556 557 554,7004160,0
efficientnetv2-s_1/block5c_bn_1/batchnorm/add_1;efficientnetv2-s_1/block5c_bn_1/batchnorm/mul_1;efficientnetv2-s_1/block5c_dwconv2_1/depthwise;efficientnetv2-s_1/block5c_bn_1/batchnorm/mul;efficientnetv2-s_1/block5c_bn_1/batchnorm/sub,557 558 554,4792320,4976640
efficientnetv2-s_1/block5c_activation_1/Sigmoid,559 558 554,4792320,0
efficientnetv2-s_1/block5c_activation_1/mul_1,559 558 560 554,7004160,0
efficientnetv2-s_1/block5c_se_squeeze_1/Mean,561 560 554,2584320,552960
efficientnetv2-s_1/block5c_se_reshape_1/Shape,561 560 562 554,2584328,0
efficientnetv2-s_1/block5c_se_reshape_1/strided_slice,561 560 562 563 554,2584332,0
efficientnetv2-s_1/block5c_se_reshape_1/Reshape/shape,561 560 563 564 554,2584340,0
efficientnetv2-s_1/block5c_se_reshape_1/Reshape,565 561 560 564 554,2588176,0
efficientnetv2-s_1/block5c_se_reduce_1/BiasAdd;efficientnetv2-s_1/block5c_se_reduce_1/convolution;efficientnetv2-s_1/block5c_se_reduce_1/Squeeze,565 566 560 554,2584480,38400
efficientnetv2-s_1/block5c_se_reduce_1/Sigmoid,566 567 560 554,2580800,0
efficientnetv2-s_1/block5c_se_reduce_1/mul_1,566 567 568 560 554,2580960,0
efficientnetv2-s_1/block5c_se_expand_1/BiasAdd;efficientnetv2-s_1/block5c_se_expand_1/convolution;efficientnetv2-s_1/block5c_se_expand_1/Squeeze,568 569 560 554,2584480,38400
efficientnetv2-s_1/block5c_se_expand_1/Sigmoid,569 570 560 554,2588160,0
efficientnetv2-s_1/block5c_se_excite_1/Mul,570 560 571 554,4796160,0
efficientnetv2-s_1/block5c_project_bn_1/batchnorm/add_1;efficientnetv2-s_1/block5c_project_conv_1/convolution;efficientnetv2-s_1/block5c_project_bn_1/batchnorm/sub,571 572 554,2949120,88473600
efficientnetv2-s_1/block5c_add_1/Add,572 573 554,1105920,92160
efficientnetv2-s_1/block5d_expand_bn_1/batchnorm/add_1;efficientnetv2-s_1/block5d_expand_conv_1/convolution;efficientnetv2-s_1/block5d_expand_bn_1/batchnorm/sub,573 574,2580480,88473600
efficientnetv2-s_1/block5d_expand_activation_1/Sigmoid,573 574 575,4792320,0
efficientnetv2-s_1/block5d_expand_activation_1/mul_1,573 574 575 576,7004160,0
efficientnetv2-s_1/block5d_bn_1/batchnorm/add_1;efficientnetv2-s_1/block5d_bn_1/batchnorm/mul_1;efficientnetv2-s_1/block5d_dwconv2_1/depthwise;efficientnetv2-s_1/block5d_bn_1/batchnorm/mul;efficientnetv2-s_1/block5d_bn_1/batchnorm/sub,573 576 577,4792320,4976640
efficientnetv2-s_1/block5d_activation_1/Sigmoid,573 577 578,4792320,0
efficientnetv2-s_1/block5d_activation_1/mul_1,573 577 578 579,7004160,0
efficientnetv2-s_1/block5d_se_squeeze_1/Mean,573 579 580,2584320,552960
efficientnetv2-s_1/block5d_se_reshape_1/Shape,573 579 580 581,2584328,0
efficientnetv2-s_1/block5d_se_reshape_1/strided_slice,573 579 580 581 582,2584332,0
efficientnetv2-s_1/block5d_se_reshape_1/Reshape/shape,573 579 580 582 583,2584340,0
efficientnetv2-s_1/block5d_se_reshape_1/Reshape,573 579 580 583 584,2588176,0
efficientnetv2-s_1/block5d_se_reduce_1/BiasAdd;efficientnetv2-s_1/block5d_se_reduce_1/convolution;efficientnetv2-s_1/block5d_se_reduce_1/Squeeze,573 579 584 585,2584480,38400
efficientnetv2-s_1/block5d_se_reduce_1/Sigmoid,573 579 585 586,2580800,0
efficientnetv2-s_1/block5d_se_reduce_1/mul_1,573 579 585 586 587,2580960,0
efficientnetv2-s_1/block5d_se_expand_1/BiasAdd;efficientnetv2-s_1/block5d_se_expand_1/convolution;efficientnetv2-s_1/block5d_se_expand_1/Squeeze,573 579 587 588,2584480,38400
efficientnetv2-s_1/block5d_se_expand_1/Sigmoid,573 579 588 589,2588160,0
efficientnetv2-s_1/block5d_se_excite_1/Mul,573 579 589 590,4796160,0
efficientnetv2-s_1/block5d_project_bn_1/batchnorm/add_1;efficientnetv2-s_1/block5d_project_conv_1/convolution;efficientnetv2-s_1/block5d_project_bn_1/batchnorm/sub,573 590 591,2949120,88473600
efficientnetv2-s_1/block5d_add_1/Add,573 591 592,1105920,92160
efficientnetv2-s_1/block5e_expand_bn_1/batchnorm/add_1;efficientnetv2-s_1/block5e_expand_conv_1/convolution;efficientnetv2-s_1/block5e_expand_bn_1/batchnorm/sub,592 593,2580480,88473600
efficientnetv2-s_1/block5e_expand_activation_1/Sigmoid,592 593 594,4792320,0
efficientnetv2-s_1/block5e_expand_activation_1/mul_1,592 593 594 595,7004160,0
efficientnetv2-s_1/block5e_bn_1/batchnorm/add_1;efficientnetv2-s_1/block5e_bn_1/batchnorm/mul_1;efficientnetv2-s_1/block5e_dwconv2_1/depthwise;efficientnetv2-s_1/block5e_bn_1/batchnorm/mul;efficientnetv2-s_1/block5e_bn_1/batchnorm/sub,592 595 596,4792320,4976640
efficientnetv2-s_1/block5e_activation_1/Sigmoid,592 596 597,4792320,0
efficientnetv2-s_1/block5e_activation_1/mul_1,592 596 597 598,7004160,0
efficientnetv2-s_1/block5e_se_squeeze_1/Mean,592 598 599,2584320,552960
efficientnetv2-s_1/block5e_se_reshape_1/Shape,592 598 599 600,2584328,0
efficientnetv2-s_1/block5e_se_reshape_1/strided_slice,592 598 599 600 601,2584332,0
efficientnetv2-s_1/block5e_se_reshape_1/Reshape/shape,592 598 599 601 602,2584340,0
efficientnetv2-s_1/block5e_se_reshape_1/Reshape,592 598 599 602 603,2588176,0
efficientnetv2-s_1/block5e_se_reduce_1/BiasAdd;efficientnetv2-s_1/block5e_se_reduce_1/convolution;efficientnetv2-s_1/block5e_se_reduce_1/Squeeze,592 598 603 604,2584480,38400
efficientnetv2-s_1/block5e_se_reduce_1/Sigmoid,592 598 604 605,2580800,0
efficientnetv2-s_1/block5e_se_reduce_1/mul_1,592 598 604 605 606,2580960,0
efficientnetv2-s_1/block5e_se_expand_1/BiasAdd;efficientnetv2-s_1/block5e_se_expand_1/convolution;efficientnetv2-s_1/block5e_se_expand_1/Squeeze,592 598 606 607,2584480,38400
efficientnetv2-s_1/block5e_se_expand_1/Sigmoid,592 598 607 608,2588160,0
efficientnetv2-s_1/block5e_se_excite_1/Mul,592 598 608 609,4796160,0
efficientnetv2-s_1/block5e_project_bn_1/batchnorm/add_1;efficientnetv2-s_1/block5e_project_conv_1/convolution;efficientnetv2-s_1/block5e_project_bn_1/batchnorm/sub,592 609 610,2949120,88473600
efficientnetv2-s_1/block5e_add_1/Add,611 592 610,1105920,92160
efficientnetv2-s_1/block5f_expand_bn_1/batchnorm/add_1;efficientnetv2-s_1/block5f_expand_conv_1/convolution;efficientnetv2-s_1/block5f_expand_bn_1/batchnorm/sub,611 612,2580480,88473600
efficientnetv2-s_1/block5f_expand_activation_1/Sigmoid,611 613 612,4792320,0
efficientnetv2-s_1/block5f_expand_activation_1/mul_1,611 613 614 612,7004160,0
efficientnetv2-s_1/block5f_bn_1/batchnorm/add_1;efficientnetv2-s_1/block5f_bn_1/batchnorm/mul_1;efficientnetv2-s_1/block5f_dwconv2_1/depthwise;efficientnetv2-s_1/block5f_bn_1/batchnorm/mul;efficientnetv2-s_1/block5f_bn_1/batchnorm/sub,611 614 615,4792320,4976640
efficientnetv2-s_1/block5f_activation_1/Sigmoid,611 615 616,4792320,0
efficientnetv2-s_1/block5f_activation_1/mul_1,611 615 616 617,7004160,0
efficientnetv2-s_1/block5f_se_squeeze_1/Mean,611 617 618,2584320,552960
efficientnetv2-s_1/block5f_se_reshape_1/Shape,611 617 618 619,2584328,0
efficientnetv2-s_1/block5f_se_reshape_1/strided_slice,611 617 620 618 619,2584332,0
efficientnetv2-s_1/block5f_se_reshape_1/Reshape/shape,611 617 620 618 621,2584340,0
efficientnetv2-s_1/block5f_se_reshape_1/Reshape,611 617 618 622 621,2588176,0
efficientnetv2-s_1/block5f_se_reduce_1/BiasAdd;efficientnetv2-s_1/block5f_se_reduce_1/convolution;efficientnetv2-s_1/block5f_se_reduce_1/Squeeze,611 617 622 623,2584480,38400
efficientnetv2-s_1/block5f_se_reduce_1/Sigmoid,611 617 623 624,2580800,0
efficientnetv2-s_1/block5f_se_reduce_1/mul_1,611 617 623 624 625,2580960,0
efficientnetv2-s_1/block5f_se_expand_1/BiasAdd;efficientnetv2-s_1/block5f_se_expand_1/convolution;efficientnetv2-s_1/block5f_se_expand_1/Squeeze,611 617 625 626,2584480,38400
efficientnetv2-s_1/block5f_se_expand_1/Sigmoid,611 626 627 617,2588160,0
efficientnetv2-s_1/block5f_se_excite_1/Mul,611 627 628 617,4796160,0
efficientnetv2-s_1/block5f_project_bn_1/batchnorm/add_1;efficientnetv2-s_1/block5f_project_conv_1/convolution;efficientnetv2-s_1/block5f_project_bn_1/batchnorm/sub,611 628 629,2949120,88473600
efficientnetv2-s_1/block5f_add_1/Add,611 629 630,1105920,92160
efficientnetv2-s_1/block5g_expand_bn_1/batchnorm/add_1;efficientnetv2-s_1/block5g_expand_conv_1/convolution;efficientnetv2-s_1/block5g_expand_bn_1/batchnorm/sub,630 631,2580480,88473600
efficientnetv2-s_1/block5g_expand_activation_1/Sigmoid,630 631 632,4792320,0
efficientnetv2-s_1/block5g_expand_activation_1/mul_1,630 631 632 633,7004160,0
efficientnetv2-s_1/block5g_bn_1/batchnorm/add_1;efficientnetv2-s_1/block5g_bn_1/batchnorm/mul_1;efficientnetv2-s_1/block5g_dwconv2_1/depthwise;efficientnetv2-s_1/block5g_bn_1/batchnorm/mul;efficientnetv2-s_1/block5g_bn_1/batchnorm/sub,630 633 634,4792320,4976640
efficientnetv2-s_1/block5g_activation_1/Sigmoid,630 634 635,4792320,0
efficientnetv2-s_1/block5g_activation_1/mul_1,630 634 635 636,7004160,0
efficientnetv2-s_1/block5g_se_squeeze_1/Mean,630 636 637,2584320,552960
efficientnetv2-s_1/block5g_se_reshape_1/Shape,630 636 637 638,2584328,0
efficientnetv2-s_1/block5g_se_reshape_1/strided_slice,630 636 637 638 639,2584332,0
efficientnetv2-s_1/block5g_se_reshape_1/Reshape/shape,630 636 637 639 640,2584340,0
efficientnetv2-s_1/block5g_se_reshape_1/Reshape,630 636 637 640 641,2588176,0
efficientnetv2-s_1/block5g_se_reduce_1/BiasAdd;efficientnetv2-s_1/block5g_se_reduce_1/convolution;efficientnetv2-s_1/block5g_se_reduce_1/Squeeze,630 636 641 642,2584480,38400
efficientnetv2-s_1/block5g_se_reduce_1/Sigmoid,630 636 642 643,2580800,0
efficientnetv2-s_1/block5g_se_reduce_1/mul_1,630 636 642 643 644,2580960,0
efficientnetv2-s_1/block5g_se_expand_1/BiasAdd;efficientnetv2-s_1/block5g_se_expand_1/convolution;efficientnetv2-s_1/block5g_se_expand_1/Squeeze,630 636 644 645,2584480,38400
efficientnetv2-s_1/block5g_se_expand_1/Sigmoid,630 636 645 646,2588160,0
efficientnetv2-s_1/block5g_se_excite_1/Mul,630 636 646 647,4796160,0
efficientnetv2-s_1/block5g_project_bn_1/batchnorm/add_1;efficientnetv2-s_1/block5g_project_conv_1/convolution;efficientnetv2-s_1/block5g_project_bn_1/batchnorm/sub,630 647 648,2949120,88473600
efficientnetv2-s_1/block5g_add_1/Add,630 648 649,1105920,92160
efficientnetv2-s_1/block5h_expand_bn_1/batchnorm/add_1;efficientnetv2-s_1/block5h_expand_conv_1/convolution;efficientnetv2-s_1/block5h_expand_bn_1/batchnorm/sub,649 650,2580480,88473600
efficientnetv2-s_1/block5h_expand_activation_1/Sigmoid,649 650 651,4792320,0
efficientnetv2-s_1/block5h_expand_activation_1/mul_1,649 650 651 652,7004160,0
efficientnetv2-s_1/block5h_bn_1/batchnorm/add_1;efficientnetv2-s_1/block5h_bn_1/batchnorm/mul_1;efficientnetv2-s_1/block5h_dwconv2_1/depthwise;efficientnetv2-s_1/block5h_bn_1/batchnorm/mul;efficientnetv2-s_1/block5h_bn_1/batchnorm/sub,649 652 653,4792320,4976640
efficientnetv2-s_1/block5h_activation_1/Sigmoid,649 653 654,4792320,0
efficientnetv2-s_1/block5h_activation_1/mul_1,649 653 654 655,7004160,0
efficientnetv2-s_1/block5h_se_squeeze_1/Mean,649 655 656,2584320,552960
efficientnetv2-s_1/block5h_se_reshape_1/Shape,649 655 656 657,2584328,0
efficientnetv2-s_1/block5h_se_reshape_1/strided_slice,649 655 656 657 658,2584332,0
efficientnetv2-s_1/block5h_se_reshape_1/Reshape/shape,649 655 656 658 659,2584340,0
efficientnetv2-s_1/block5h_se_reshape_1/Reshape,649 655 656 659 660,2588176,0
efficientnetv2-s_1/block5h_se_reduce_1/BiasAdd;efficientnetv2-s_1/block5h_se_reduce_1/convolution;efficientnetv2-s_1/block5h_se_reduce_1/Squeeze,649 655 660 661,2584480,38400
efficientnetv2-s_1/block5h_se_reduce_1/Sigmoid,649 655 661 662,2580800,0
efficientnetv2-s_1/block5h_se_reduce_1/mul_1,649 655 661 662 663,2580960,0
efficientnetv2-s_1/block5h_se_expand_1/BiasAdd;efficientnetv2-s_1/block5h_se_expand_1/convolution;efficientnetv2-s_1/block5h_se_expand_1/Squeeze,649 655 663 664,2584480,38400
efficientnetv2-s_1/block5h_se_expand_1/Sigmoid,649 655 664 665,2588160,0
efficientnetv2-s_1/block5h_se_excite_1/Mul,649 655 665 666,4796160,0
efficientnetv2-s_1/block5h_project_bn_1/batchnorm/add_1;efficientnetv2-s_1/block5h_project_conv_1/convolution;efficientnetv2-s_1/block5h_project_bn_1/batchnorm/sub,649 666 667,2949120,88473600
efficientnetv2-s_1/block5h_add_1/Add,649 667 668,1105920,92160
efficientnetv2-s_1/block5i_expand_bn_1/batchnorm/add_1;efficientnetv2-s_1/block5i_expand_conv_1/convolution;efficientnetv2-s_1/block5i_expand_bn_1/batchnorm/sub,668 669,2580480,88473600
efficientnetv2-s_1/block5i_expand_activation_1/Sigmoid,668 669 670,4792320,0
efficientnetv2-s_1/block5i_expand_activation_1/mul_1,668 669 670 671,7004160,0
efficientnetv2-s_1/block5i_bn_1/batchnorm/add_1;efficientnetv2-s_1/block5i_bn_1/batchnorm/mul_1;efficientnetv2-s_1/block5i_dwconv2_1/depthwise;efficientnetv2-s_1/block5i_bn_1/batchnorm/mul;efficientnetv2-s_1/block5i_bn_1/batchnorm/sub,668 671 672,4792320,4976640
efficientnetv2-s_1/block5i_activation_1/Sigmoid,668 672 673,4792320,0
efficientnetv2-s_1/block5i_activation_1/mul_1,668 672 673 674,7004160,0
efficientnetv2-s_1/block5i_se_squeeze_1/Mean,668 674 675,2584320,552960
efficientnetv2-s_1/block5i_se_reshape_1/Shape,668 674 675 676,2584328,0
efficientnetv2-s_1/block5i_se_reshape_1/strided_slice,668 674 675 676 677,2584332,0
efficientnetv2-s_1/block5i_se_reshape_1/Reshape/shape,668 674 675 677 678,2584340,0
efficientnetv2-s_1/block5i_se_reshape_1/Reshape,668 674 675 678 679,2588176,0
efficientnetv2-s_1/block5i_se_reduce_1/BiasAdd;efficientnetv2-s_1/block5i_se_reduce_1/convolution;efficientnetv2-s_1/block5i_se_reduce_1/Squeeze,668 674 679 680,2584480,38400
efficientnetv2-s_1/block5i_se_reduce_1/Sigmoid,668 674 680 681,2580800,0
efficientnetv2-s_1/block5i_se_reduce_1/mul_1,668 674 680 681 682,2580960,0
efficientnetv2-s_1/block5i_se_expand_1/BiasAdd;efficientnetv2-s_1/block5i_se_expand_1/convolution;efficientnetv2-s_1/block5i_se_expand_1/Squeeze,668 674 682 683,2584480,38400
efficientnetv2-s_1/block5i_se_expand_1/Sigmoid,668 674 683 684,2588160,0
efficientnetv2-s_1/block5i_se_excite_1/Mul,668 674 684 685,4796160,0
efficientnetv2-s_1/block5i_project_bn_1/batchnorm/add_1;efficientnetv2-s_1/block5i_project_conv_1/convolution;efficientnetv2-s_1/block5i_project_bn_1/batchnorm/sub,668 685 686,2949120,88473600
efficientnetv2-s_1/block5i_add_1/Add,668 686 687,1105920,92160
efficientnetv2-s_1/block6a_expand_bn_1/batchnorm/add_1;efficientnetv2-s_1/block6a_expand_conv_1/convolution;efficientnetv2-s_1/block6a_expand_bn_1/batchnorm/sub,687 688,2580480,88473600
efficientnetv2-s_1/block6a_expand_activation_1/Sigmoid,688 689,4423680,0
efficientnetv2-s_1/block6a_expand_activation_1/mul_1,688 689 690,6635520,0
efficientnetv2-s_1/block6a_bn_1/batchnorm/add_1;efficientnetv2-s_1/block6a_bn_1/batchnorm/mul_1;efficientnetv2-s_1/block6a_dwconv2_1/depthwise;efficientnetv2-s_1/block6a_bn_1/batchnorm/mul;efficientnetv2-s_1/block6a_bn_1/batchnorm/sub,690 691,2764800,1244160
efficientnetv2-s_1/block6a_activation_1/Sigmoid,691 692,1105920,0
efficientnetv2-s_1/block6a_activation_1/mul_1,691 692 693,1658880,0
efficientnetv2-s_1/block6a_se_squeeze_1/Mean,693 694,556800,138240
efficientnetv2-s_1/block6a_se_reshape_1/Shape,693 694 695,556808,0
efficientnetv2-s_1/block6a_se_reshape_1/strided_slice,693 694 695 696,556812,0
efficientnetv2-s_1/block6a_se_reshape_1/Reshape/shape,693 694 696 697,556820,0
efficientnetv2-s_1/block6a_se_reshape_1/Reshape,693 694 697 698,560656,0
efficientnetv2-s_1/block6a_se_reduce_1/BiasAdd;efficientnetv2-s_1/block6a_se_reduce_1/convolution;efficientnetv2-s_1/block6a_se_reduce_1/Squeeze,693 698 699,556960,38400
efficientnetv2-s_1/block6a_se_reduce_1/Sigmoid,693 699 700,553280,0
efficientnetv2-s_1/block6a_se_reduce_1/mul_1,693 699 700 701,553440,0
efficientnetv2-s_1/block6a_se_expand_1/BiasAdd;efficientnetv2-s_1/block6a_se_expand_1/convolution;efficientnetv2-s_1/block6a_se_expand_1/Squeeze,693 701 702,556960,38400
efficientnetv2-s_1/block6a_se_expand_1/Sigmoid,693 702 703,560640,0
efficientnetv2-s_1/block6a_se_excite_1/Mul,693 703 704,1109760,0
efficientnetv2-s_1/block6a_project_bn_1/batchnorm/add_1;efficientnetv2-s_1/block6a_project_conv_1/convolution;efficientnetv2-s_1/block6a_project_bn_1/batchnorm/sub,704 705,700416,35389440
efficientnetv2-s_1/block6b_expand_bn_1/batchnorm/add_1;efficientnetv2-s_1/block6b_expand_conv_1/convolution;efficientnetv2-s_1/block6b_expand_bn_1/batchnorm/sub,705 706,1032192,56623104
efficientnetv2-s_1/block6b_expand_activation_1/Sigmoid,705 706 707,1916928,0
efficientnetv2-s_1/block6b_expand_activation_1/mul_1,705 706 707 708,2801664,0
efficientnetv2-s_1/block6b_bn_1/batchnorm/add_1;efficientnetv2-s_1/block6b_bn_1/batchnorm/mul_1;efficientnetv2-s_1/block6b_dwconv2_1/depthwise;efficientnetv2-s_1/block6b_bn_1/batchnorm/mul;efficientnetv2-s_1/block6b_bn_1/batchnorm/sub,705 708 709,1916928,1990656
efficientnetv2-s_1/block6b_activation_1/Sigmoid,705 709 710,1916928,0
efficientnetv2-s_1/block6b_activation_1/mul_1,705 709 710 711,2801664,0
efficientnetv2-s_1/block6b_se_squeeze_1/Mean,705 711 712,1038336,221184
efficientnetv2-s_1/block6b_se_reshape_1/Shape,713 705 711 712,1038344,0
efficientnetv2-s_1/block6b_se_reshape_1/strided_slice,714 713 705 711 712,1038348,0
efficientnetv2-s_1/block6b_se_reshape_1/Reshape/shape,714 715 705 711 712,1038356,0
efficientnetv2-s_1/block6b_se_reshape_1/Reshape,715 716 705 711 712,1044496,0
efficientnetv2-s_1/block6b_se_reduce_1/BiasAdd;efficientnetv2-s_1/block6b_se_reduce_1/convolution;efficientnetv2-s_1/block6b_se_reduce_1/Squeeze,716 717 705 711,1038592,98304
efficientnetv2-s_1/block6b_se_reduce_1/Sigmoid,717 718 705 711,1032704,0
efficientnetv2-s_1/block6b_se_reduce_1/mul_1,717 718 719 705 711,1032960,0
efficientnetv2-s_1/block6b_se_expand_1/BiasAdd;efficientnetv2-s_1/block6b_se_expand_1/convolution;efficientnetv2-s_1/block6b_se_expand_1/Squeeze,719 705 720 711,1038592,98304
efficientnetv2-s_1/block6b_se_expand_1/Sigmoid,705 720 711 721,1044480,0
efficientnetv2-s_1/block6b_se_excite_1/Mul,705 711 722 721,1923072,0
efficientnetv2-s_1/block6b_project_bn_1/batchnorm/add_1;efficientnetv2-s_1/block6b_project_conv_1/convolution;efficientnetv2-s_1/block6b_project_bn_1/batchnorm/sub,705 722 723,1179648,56623104
efficientnetv2-s_1/block6b_add_1/Add,705 723 724,442368,36864
efficientnetv2-s_1/block6c_expand_bn_1/batchnorm/add_1;efficientnetv2-s_1/block6c_expand_conv_1/convolution;efficientnetv2-s_1/block6c_expand_bn_1/batchnorm/sub,724 725,1032192,56623104
efficientnetv2-s_1/block6c_expand_activation_1/Sigmoid,724 725 726,1916928,0
efficientnetv2-s_1/block6c_expand_activation_1/mul_1,724 725 726 727,2801664,0
efficientnetv2-s_1/block6c_bn_1/batchnorm/add_1;efficientnetv2-s_1/block6c_bn_1/batchnorm/mul_1;efficientnetv2-s_1/block6c_dwconv2_1/depthwise;efficientnetv2-s_1/block6c_bn_1/batchnorm/mul;efficientnetv2-s_1/block6c_bn_1/batchnorm/sub,724 727 728,1916928,1990656
efficientnetv2-s_1/block6c_activation_1/Sigmoid,724 728 729,1916928,0
efficientnetv2-s_1/block6c_activation_1/mul_1,730 724 728 729,2801664,0
efficientnetv2-s_1/block6c_se_squeeze_1/Mean,730 731 724,1038336,221184
efficientnetv2-s_1/block6c_se_reshape_1/Shape,730 731 732 724,1038344,0
efficientnetv2-s_1/block6c_se_reshape_1/strided_slice,730 731 732 733 724,1038348,0
efficientnetv2-s_1/block6c_se_reshape_1/Reshape/shape,730 731 733 734 724,1038356,0
efficientnetv2-s_1/block6c_se_reshape_1/Reshape,730 731 734 735 724,1044496,0
efficientnetv2-s_1/block6c_se_reduce_1/BiasAdd;efficientnetv2-s_1/block6c_se_reduce_1/convolution;efficientnetv2-s_1/block6c_se_reduce_1/Squeeze,730 735 736 724,1038592,98304
efficientnetv2-s_1/block6c_se_reduce_1/Sigmoid,730 736 737 724,1032704,0
efficientnetv2-s_1/block6c_se_reduce_1/mul_1,730 736 737 738 724,1032960,0
efficientnetv2-s_1/block6c_se_expand_1/BiasAdd;efficientnetv2-s_1/block6c_se_expand_1/convolution;efficientnetv2-s_1/block6c_se_expand_1/Squeeze,730 738 739 724,1038592,98304
efficientnetv2-s_1/block6c_se_expand_1/Sigmoid,730 739 740 724,1044480,0
efficientnetv2-s_1/block6c_se_excite_1/Mul,730 740 741 724,1923072,0
efficientnetv2-s_1/block6c_project_bn_1/batchnorm/add_1;efficientnetv2-s_1/block6c_project_conv_1/convolution;efficientnetv2-s_1/block6c_project_bn_1/batchnorm/sub,741 742 724,1179648,56623104
efficientnetv2-s_1/block6c_add_1/Add,742 743 724,442368,36864
efficientnetv2-s_1/block6d_expand_bn_1/batchnorm/add_1;efficientnetv2-s_1/block6d_expand_conv_1/convolution;efficientnetv2-s_1/block6d_expand_bn_1/batchnorm/sub,743 744,1032192,56623104
efficientnetv2-s_1/block6d_expand_activation_1/Sigmoid,743 744 745,1916928,0
efficientnetv2-s_1/block6d_expand_activation_1/mul_1,743 744 745 746,2801664,0
efficientnetv2-s_1/block6d_bn_1/batchnorm/add_1;efficientnetv2-s_1/block6d_bn_1/batchnorm/mul_1;efficientnetv2-s_1/block6d_dwconv2_1/depthwise;efficientnetv2-s_1/block6d_bn_1/batchnorm/mul;efficientnetv2-s_1/block6d_bn_1/batchnorm/sub,743 746 747,1916928,1990656
efficientnetv2-s_1/block6d_activation_1/Sigmoid,743 747 748,1916928,0
efficientnetv2-s_1/block6d_activation_1/mul_1,743 747 748 749,2801664,0
efficientnetv2-s_1/block6d_se_squeeze_1/Mean,743 749 750,1038336,221184
efficientnetv2-s_1/block6d_se_reshape_1/Shape,743 749 750 751,1038344,0
efficientnetv2-s_1/block6d_se_reshape_1/strided_slice,743 749 750 751 752,1038348,0
efficientnetv2-s_1/block6d_se_reshape_1/Reshape/shape,743 749 750 752 753,1038356,0
efficientnetv2-s_1/block6d_se_reshape_1/Reshape,743 749 750 753 754,1044496,0
efficientnetv2-s_1/block6d_se_reduce_1/BiasAdd;efficientnetv2-s_1/block6d_se_reduce_1/convolution;efficientnetv2-s_1/block6d_se_reduce_1/Squeeze,743 749 754 755,1038592,98304
efficientnetv2-s_1/block6d_se_reduce_1/Sigmoid,743 749 755 756,1032704,0
efficientnetv2-s_1/block6d_se_reduce_1/mul_1,743 749 755 756 757,1032960,0
efficientnetv2-s_1/block6d_se_expand_1/BiasAdd;efficientnetv2-s_1/block6d_se_expand_1/convolution;efficientnetv2-s_1/block6d_se_expand_1/Squeeze,743 749 757 758,1038592,98304
efficientnetv2-s_1/block6d_se_expand_1/Sigmoid,743 749 758 759,1044480,0
efficientnetv2-s_1/block6d_se_excite_1/Mul,743 749 759 760,1923072,0
efficientnetv2-s_1/block6d_project_bn_1/batchnorm/add_1;efficientnetv2-s_1/block6d_project_conv_1/convolution;efficientnetv2-s_1/block6d_project_bn_1/batchnorm/sub,743 760 761,1179648,56623104
efficientnetv2-s_1/block6d_add_1/Add,743 761 762,442368,36864
efficientnetv2-s_1/block6e_expand_bn_1/batchnorm/add_1;efficientnetv2-s_1/block6e_expand_conv_1/convolution;efficientnetv2-s_1/block6e_expand_bn_1/batchnorm/sub,762 763,1032192,56623104
efficientnetv2-s_1/block6e_expand_activation_1/Sigmoid,762 763 764,1916928,0
efficientnetv2-s_1/block6e_expand_activation_1/mul_1,762 763 764 765,2801664,0
efficientnetv2-s_1/block6e_bn_1/batchnorm/add_1;efficientnetv2-s_1/block6e_bn_1/batchnorm/mul_1;efficientnetv2-s_1/block6e_dwconv2_1/depthwise;efficientnetv2-s_1/block6e_bn_1/batchnorm/mul;efficientnetv2-s_1/block6e_bn_1/batchnorm/sub,762 765 766,1916928,1990656
efficientnetv2-s_1/block6e_activation_1/Sigmoid,762 766 767,1916928,0
efficientnetv2-s_1/block6e_activation_1/mul_1,762 766 767 768,2801664,0
efficientnetv2-s_1/block6e_se_squeeze_1/Mean,762 768 769,1038336,221184
efficientnetv2-s_1/block6e_se_reshape_1/Shape,762 768 769 770,1038344,0
efficientnetv2-s_1/block6e_se_reshape_1/strided_slice,762 768 769 770 771,1038348,0
efficientnetv2-s_1/block6e_se_reshape_1/Reshape/shape,762 768 769 771 772,1038356,0
efficientnetv2-s_1/block6e_se_reshape_1/Reshape,762 768 769 772 773,1044496,0
efficientnetv2-s_1/block6e_se_reduce_1/BiasAdd;efficientnetv2-s_1/block6e_se_reduce_1/convolution;efficientnetv2-s_1/block6e_se_reduce_1/Squeeze,762 768 773 774,1038592,98304
efficientnetv2-s_1/block6e_se_reduce_1/Sigmoid,762 768 774 775,1032704,0
efficientnetv2-s_1/block6e_se_reduce_1/mul_1,762 768 774 775 776,1032960,0
efficientnetv2-s_1/block6e_se_expand_1/BiasAdd;efficientnetv2-s_1/block6e_se_expand_1/convolution;efficientnetv2-s_1/block6e_se_expand_1/Squeeze,762 768 776 777,1038592,98304
efficientnetv2-s_1/block6e_se_expand_1/Sigmoid,762 768 777 778,1044480,0
efficientnetv2-s_1/block6e_se_excite_1/Mul,762 768 778 779,1923072,0
efficientnetv2-s_1/block6e_project_bn_1/batchnorm/add_1;efficientnetv2-s_1/block6e_project_conv_1/convolution;efficientnetv2-s_1/block6e_project_bn_1/batchnorm/sub,762 779 780,1179648,56623104
efficientnetv2-s_1/block6e_add_1/Add,762 780 781,442368,36864
efficientnetv2-s_1/block6f_expand_bn_1/batchnorm/add_1;efficientnetv2-s_1/block6f_expand_conv_1/convolution;efficientnetv2-s_1/block6f_expand_bn_1/batchnorm/sub,781 782,1032192,56623104
efficientnetv2-s_1/block6f_expand_activation_1/Sigmoid,781 782 783,1916928,0
efficientnetv2-s_1/block6f_expand_activation_1/mul_1,781 782 783 784,2801664,0
efficientnetv2-s_1/block6f_bn_1/batchnorm/add_1;efficientnetv2-s_1/block6f_bn_1/batchnorm/mul_1;efficientnetv2-s_1/block6f_dwconv2_1/depthwise;efficientnetv2-s_1/block6f_bn_1/batchnorm/mul;efficientnetv2-s_1/block6f_bn_1/batchnorm/sub,781 784 785,1916928,1990656
efficientnetv2-s_1/block6f_activation_1/Sigmoid,781 785 786,1916928,0
efficientnetv2-s_1/block6f_activation_1/mul_1,781 785 786 787,2801664,0
efficientnetv2-s_1/block6f_se_squeeze_1/Mean,781 787 788,1038336,221184
efficientnetv2-s_1/block6f_se_reshape_1/Shape,781 787 788 789,1038344,0
efficientnetv2-s_1/block6f_se_reshape_1/strided_slice,781 787 788 789 790,1038348,0
efficientnetv2-s_1/block6f_se_reshape_1/Reshape/shape,781 787 788 790 791,1038356,0
efficientnetv2-s_1/block6f_se_reshape_1/Reshape,781 787 788 791 792,1044496,0
efficientnetv2-s_1/block6f_se_reduce_1/BiasAdd;efficientnetv2-s_1/block6f_se_reduce_1/convolution;efficientnetv2-s_1/block6f_se_reduce_1/Squeeze,781 787 792 793,1038592,98304
efficientnetv2-s_1/block6f_se_reduce_1/Sigmoid,781 787 793 794,1032704,0
efficientnetv2-s_1/block6f_se_reduce_1/mul_1,781 787 793 794 795,1032960,0
efficientnetv2-s_1/block6f_se_expand_1/BiasAdd;efficientnetv2-s_1/block6f_se_expand_1/convolution;efficientnetv2-s_1/block6f_se_expand_1/Squeeze,781 787 795 796,1038592,98304
efficientnetv2-s_1/block6f_se_expand_1/Sigmoid,781 787 796 797,1044480,0
efficientnetv2-s_1/block6f_se_excite_1/Mul,781 787 797 798,1923072,0
efficientnetv2-s_1/block6f_project_bn_1/batchnorm/add_1;efficientnetv2-s_1/block6f_project_conv_1/convolution;efficientnetv2-s_1/block6f_project_bn_1/batchnorm/sub,781 798 799,1179648,56623104
efficientnetv2-s_1/block6f_add_1/Add,781 799 800,442368,36864
efficientnetv2-s_1/block6g_expand_bn_1/batchnorm/add_1;efficientnetv2-s_1/block6g_expand_conv_1/convolution;efficientnetv2-s_1/block6g_expand_bn_1/batchnorm/sub,800 801,1032192,56623104
efficientnetv2-s_1/block6g_expand_activation_1/Sigmoid,800 801 802,1916928,0
efficientnetv2-s_1/block6g_expand_activation_1/mul_1,800 801 802 803,2801664,0
efficientnetv2-s_1/block6g_bn_1/batchnorm/add_1;efficientnetv2-s_1/block6g_bn_1/batchnorm/mul_1;efficientnetv2-s_1/block6g_dwconv2_1/depthwise;efficientnetv2-s_1/block6g_bn_1/batchnorm/mul;efficientnetv2-s_1/block6g_bn_1/batchnorm/sub,800 803 804,1916928,1990656
efficientnetv2-s_1/block6g_activation_1/Sigmoid,800 804 805,1916928,0
efficientnetv2-s_1/block6g_activation_1/mul_1,800 804 805 806,2801664,0
efficientnetv2-s_1/block6g_se_squeeze_1/Mean,800 806 807,1038336,221184
efficientnetv2-s_1/block6g_se_reshape_1/Shape,800 806 807 808,1038344,0
efficientnetv2-s_1/block6g_se_reshape_1/strided_slice,800 806 807 808 809,1038348,0
efficientnetv2-s_1/block6g_se_reshape_1/Reshape/shape,800 806 807 809 810,1038356,0
efficientnetv2-s_1/block6g_se_reshape_1/Reshape,800 806 807 810 811,1044496,0
efficientnetv2-s_1/block6g_se_reduce_1/BiasAdd;efficientnetv2-s_1/block6g_se_reduce_1/convolution;efficientnetv2-s_1/block6g_se_reduce_1/Squeeze,800 806 811 812,1038592,98304
efficientnetv2-s_1/block6g_se_reduce_1/Sigmoid,800 806 812 813,1032704,0
efficientnetv2-s_1/block6g_se_reduce_1/mul_1,800 806 812 813 814,1032960,0
efficientnetv2-s_1/block6g_se_expand_1/BiasAdd;efficientnetv2-s_1/block6g_se_expand_1/convolution;efficientnetv2-s_1/block6g_se_expand_1/Squeeze,800 806 814 815,1038592,98304
efficientnetv2-s_1/block6g_se_expand_1/Sigmoid,800 806 815 816,1044480,0
efficientnetv2-s_1/block6g_se_excite_1/Mul,800 806 816 817,1923072,0
efficientnetv2-s_1/block6g_project_bn_1/batchnorm/add_1;efficientnetv2-s_1/block6g_project_conv_1/convolution;efficientnetv2-s_1/block6g_project_bn_1/batchnorm/sub,800 817 818,1179648,56623104
efficientnetv2-s_1/block6g_add_1/Add,800 818 819,442368,36864
efficientnetv2-s_1/block6h_expand_bn_1/batchnorm/add_1;efficientnetv2-s_1/block6h_expand_conv_1/convolution;efficientnetv2-s_1/block6h_expand_bn_1/batchnorm/sub,819 820,1032192,56623104
efficientnetv2-s_1/block6h_expand_activation_1/Sigmoid,819 820 821,1916928,0
efficientnetv2-s_1/block6h_expand_activation_1/mul_1,819 820 821 822,2801664,0
efficientnetv2-s_1/block6h_bn_1/batchnorm/add_1;efficientnetv2-s_1/block6h_bn_1/batchnorm/mul_1;efficientnetv2-s_1/block6h_dwconv2_1/depthwise;efficientnetv2-s_1/block6h_bn_1/batchnorm/mul;efficientnetv2-s_1/block6h_bn_1/batchnorm/sub,819 822 823,1916928,1990656
efficientnetv2-s_1/block6h_activation_1/Sigmoid,819 823 824,1916928,0
efficientnetv2-s_1/block6h_activation_1/mul_1,819 823 824 825,2801664,0
efficientnetv2-s_1/block6h_se_squeeze_1/Mean,819 825 826,1038336,221184
efficientnetv2-s_1/block6h_se_reshape_1/Shape,819 825 826 827,1038344,0
efficientnetv2-s_1/block6h_se_reshape_1/strided_slice,819 825 826 827 828,1038348,0
efficientnetv2-s_1/block6h_se_reshape_1/Reshape/shape,819 825 826 828 829,1038356,0
efficientnetv2-s_1/block6h_se_reshape_1/Reshape,819 825 826 829 830,1044496,0
efficientnetv2-s_1/block6h_se_reduce_1/BiasAdd;efficientnetv2-s_1/block6h_se_reduce_1/convolution;efficientnetv2-s_1/block6h_se_reduce_1/Squeeze,819 825 830 831,1038592,98304
efficientnetv2-s_1/block6h_se_reduce_1/Sigmoid,819 825 831 832,1032704,0
efficientnetv2-s_1/block6h_se_reduce_1/mul_1,819 825 831 832 833,1032960,0
efficientnetv2-s_1/block6h_se_expand_1/BiasAdd;efficientnetv2-s_1/block6h_se_expand_1/convolution;efficientnetv2-s_1/block6h_se_expand_1/Squeeze,819 825 833 834,1038592,98304
efficientnetv2-s_1/block6h_se_expand_1/Sigmoid,819 825 834 835,1044480,0
efficientnetv2-s_1/block6h_se_excite_1/Mul,819 825 835 836,1923072,0
efficientnetv2-s_1/block6h_project_bn_1/batchnorm/add_1;efficientnetv2-s_1/block6h_project_conv_1/convolution;efficientnetv2-s_1/block6h_project_bn_1/batchnorm/sub,819 836 837,1179648,56623104
efficientnetv2-s_1/block6h_add_1/Add,819 837 838,442368,36864
efficientnetv2-s_1/block6i_expand_bn_1/batchnorm/add_1;efficientnetv2-s_1/block6i_expand_conv_1/convolution;efficientnetv2-s_1/block6i_expand_bn_1/batchnorm/sub,838 839,1032192,56623104
efficientnetv2-s_1/block6i_expand_activation_1/Sigmoid,838 839 840,1916928,0
efficientnetv2-s_1/block6i_expand_activation_1/mul_1,838 839 840 841,2801664,0
efficientnetv2-s_1/block6i_bn_1/batchnorm/add_1;efficientnetv2-s_1/block6i_bn_1/batchnorm/mul_1;efficientnetv2-s_1/block6i_dwconv2_1/depthwise;efficientnetv2-s_1/block6i_bn_1/batchnorm/mul;efficientnetv2-s_1/block6i_bn_1/batchnorm/sub,838 841 842,1916928,1990656
efficientnetv2-s_1/block6i_activation_1/Sigmoid,838 842 843,1916928,0
efficientnetv2-s_1/block6i_activation_1/mul_1,838 842 843 844,2801664,0
efficientnetv2-s_1/block6i_se_squeeze_1/Mean,838 844 845,1038336,221184
efficientnetv2-s_1/block6i_se_reshape_1/Shape,838 844 845 846,1038344,0
efficientnetv2-s_1/block6i_se_reshape_1/strided_slice,838 844 845 846 847,1038348,0
efficientnetv2-s_1/block6i_se_reshape_1/Reshape/shape,838 844 845 847 848,1038356,0
efficientnetv2-s_1/block6i_se_reshape_1/Reshape,838 844 845 848 849,1044496,0
efficientnetv2-s_1/block6i_se_reduce_1/BiasAdd;efficientnetv2-s_1/block6i_se_reduce_1/convolution;efficientnetv2-s_1/block6i_se_reduce_1/Squeeze,838 844 849 850,1038592,98304
efficientnetv2-s_1/block6i_se_reduce_1/Sigmoid,838 844 850 851,1032704,0
efficientnetv2-s_1/block6i_se_reduce_1/mul_1,838 844 850 851 852,1032960,0
efficientnetv2-s_1/block6i_se_expand_1/BiasAdd;efficientnetv2-s_1/block6i_se_expand_1/convolution;efficientnetv2-s_1/block6i_se_expand_1/Squeeze,838 844 852 853,1038592,98304
efficientnetv2-s_1/block6i_se_expand_1/Sigmoid,844 853 838 854,1044480,0
efficientnetv2-s_1/block6i_se_excite_1/Mul,855 844 838 854,1923072,0
efficientnetv2-s_1/block6i_project_bn_1/batchnorm/add_1;efficientnetv2-s_1/block6i_project_conv_1/convolution;efficientnetv2-s_1/block6i_project_bn_1/batchnorm/sub,855 856 838,1179648,56623104
efficientnetv2-s_1/block6i_add_1/Add,856 857 838,442368,36864
efficientnetv2-s_1/block6j_expand_bn_1/batchnorm/add_1;efficientnetv2-s_1/block6j_expand_conv_1/convolution;efficientnetv2-s_1/block6j_expand_bn_1/batchnorm/sub,857 858,1032192,56623104
efficientnetv2-s_1/block6j_expand_activation_1/Sigmoid,857 858 859,1916928,0
efficientnetv2-s_1/block6j_expand_activation_1/mul_1,857 858 859 860,2801664,0
efficientnetv2-s_1/block6j_bn_1/batchnorm/add_1;efficientnetv2-s_1/block6j_bn_1/batchnorm/mul_1;efficientnetv2-s_1/block6j_dwconv2_1/depthwise;efficientnetv2-s_1/block6j_bn_1/batchnorm/mul;efficientnetv2-s_1/block6j_bn_1/batchnorm/sub,857 860 861,1916928,1990656
efficientnetv2-s_1/block6j_activation_1/Sigmoid,857 861 862,1916928,0
efficientnetv2-s_1/block6j_activation_1/mul_1,857 861 862 863,2801664,0
efficientnetv2-s_1/block6j_se_squeeze_1/Mean,857 863 864,1038336,221184
efficientnetv2-s_1/block6j_se_reshape_1/Shape,857 863 864 865,1038344,0
efficientnetv2-s_1/block6j_se_reshape_1/strided_slice,857 863 864 865 866,1038348,0
efficientnetv2-s_1/block6j_se_reshape_1/Reshape/shape,857 863 864 866 867,1038356,0
efficientnetv2-s_1/block6j_se_reshape_1/Reshape,857 863 864 867 868,1044496,0
efficientnetv2-s_1/block6j_se_reduce_1/BiasAdd;efficientnetv2-s_1/block6j_se_reduce_1/convolution;efficientnetv2-s_1/block6j_se_reduce_1/Squeeze,857 863 868 869,1038592,98304
efficientnetv2-s_1/block6j_se_reduce_1/Sigmoid,857 863 869 870,1032704,0
efficientnetv2-s_1/block6j_se_reduce_1/mul_1,857 863 869 870 871,1032960,0
efficientnetv2-s_1/block6j_se_expand_1/BiasAdd;efficientnetv2-s_1/block6j_se_expand_1/convolution;efficientnetv2-s_1/block6j_se_expand_1/Squeeze,857 863 871 872,1038592,98304
efficientnetv2-s_1/block6j_se_expand_1/Sigmoid,857 863 872 873,1044480,0
efficientnetv2-s_1/block6j_se_excite_1/Mul,857 863 873 874,1923072,0
efficientnetv2-s_1/block6j_project_bn_1/batchnorm/add_1;efficientnetv2-s_1/block6j_project_conv_1/convolution;efficientnetv2-s_1/block6j_project_bn_1/batchnorm/sub,857 874 875,1179648,56623104
efficientnetv2-s_1/block6j_add_1/Add,857 875 876,442368,36864
efficientnetv2-s_1/block6k_expand_bn_1/batchnorm/add_1;efficientnetv2-s_1/block6k_expand_conv_1/convolution;efficientnetv2-s_1/block6k_expand_bn_1/batchnorm/sub,876 877,1032192,56623104
efficientnetv2-s_1/block6k_expand_activation_1/Sigmoid,876 877 878,1916928,0
efficientnetv2-s_1/block6k_expand_activation_1/mul_1,876 877 878 879,2801664,0
efficientnetv2-s_1/block6k_bn_1/batchnorm/add_1;efficientnetv2-s_1/block6k_bn_1/batchnorm/mul_1;efficientnetv2-s_1/block6k_dwconv2_1/depthwise;efficientnetv2-s_1/block6k_bn_1/batchnorm/mul;efficientnetv2-s_1/block6k_bn_1/batchnorm/sub,876 879 880,1916928,1990656
efficientnetv2-s_1/block6k_activation_1/Sigmoid,876 880 881,1916928,0
efficientnetv2-s_1/block6k_activation_1/mul_1,876 880 881 882,2801664,0
efficientnetv2-s_1/block6k_se_squeeze_1/Mean,876 882 883,1038336,221184
efficientnetv2-s_1/block6k_se_reshape_1/Shape,876 882 883 884,1038344,0
efficientnetv2-s_1/block6k_se_reshape_1/strided_slice,876 882 883 884 885,1038348,0
efficientnetv2-s_1/block6k_se_reshape_1/Reshape/shape,876 882 883 885 886,1038356,0
efficientnetv2-s_1/block6k_se_reshape_1/Reshape,876 882 883 886 887,1044496,0
efficientnetv2-s_1/block6k_se_reduce_1/BiasAdd;efficientnetv2-s_1/block6k_se_reduce_1/convolution;efficientnetv2-s_1/block6k_se_reduce_1/Squeeze,876 882 887 888,1038592,98304
efficientnetv2-s_1/block6k_se_reduce_1/Sigmoid,876 882 888 889,1032704,0
efficientnetv2-s_1/block6k_se_reduce_1/mul_1,876 882 888 889 890,1032960,0
efficientnetv2-s_1/block6k_se_expand_1/BiasAdd;efficientnetv2-s_1/block6k_se_expand_1/convolution;efficientnetv2-s_1/block6k_se_expand_1/Squeeze,876 882 890 891,1038592,98304
efficientnetv2-s_1/block6k_se_expand_1/Sigmoid,876 882 891 892,1044480,0
efficientnetv2-s_1/block6k_se_excite_1/Mul,876 882 892 893,1923072,0
efficientnetv2-s_1/block6k_project_bn_1/batchnorm/add_1;efficientnetv2-s_1/block6k_project_conv_1/convolution;efficientnetv2-s_1/block6k_project_bn_1/batchnorm/sub,876 893 894,1179648,56623104
efficientnetv2-s_1/block6k_add_1/Add,876 894 895,442368,36864
efficientnetv2-s_1/block6l_expand_bn_1/batchnorm/add_1;efficientnetv2-s_1/block6l_expand_conv_1/convolution;efficientnetv2-s_1/block6l_expand_bn_1/batchnorm/sub,896 895,1032192,56623104
efficientnetv2-s_1/block6l_expand_activation_1/Sigmoid,896 897 895,1916928,0
efficientnetv2-s_1/block6l_expand_activation_1/mul_1,896 897 898 895,2801664,0
efficientnetv2-s_1/block6l_bn_1/batchnorm/add_1;efficientnetv2-s_1/block6l_bn_1/batchnorm/mul_1;efficientnetv2-s_1/block6l_dwconv2_1/depthwise;efficientnetv2-s_1/block6l_bn_1/batchnorm/mul;efficientnetv2-s_1/block6l_bn_1/batchnorm/sub,898 899 895,1916928,1990656
efficientnetv2-s_1/block6l_activation_1/Sigmoid,899 900 895,1916928,0
efficientnetv2-s_1/block6l_activation_1/mul_1,899 900 901 895,2801664,0
efficientnetv2-s_1/block6l_se_squeeze_1/Mean,901 902 895,1038336,221184
efficientnetv2-s_1/block6l_se_reshape_1/Shape,901 902 903 895,1038344,0
efficientnetv2-s_1/block6l_se_reshape_1/strided_slice,901 902 903 904 895,1038348,0
efficientnetv2-s_1/block6l_se_reshape_1/Reshape/shape,901 902 904 905 895,1038356,0
efficientnetv2-s_1/block6l_se_reshape_1/Reshape,901 902 905 906 895,1044496,0
efficientnetv2-s_1/block6l_se_reduce_1/BiasAdd;efficientnetv2-s_1/block6l_se_reduce_1/convolution;efficientnetv2-s_1/block6l_se_reduce_1/Squeeze,901 906 907 895,1038592,98304
efficientnetv2-s_1/block6l_se_reduce_1/Sigmoid,901 907 908 895,1032704,0
efficientnetv2-s_1/block6l_se_reduce_1/mul_1,901 907 908 909 895,1032960,0
efficientnetv2-s_1/block6l_se_expand_1/BiasAdd;efficientnetv2-s_1/block6l_se_expand_1/convolution;efficientnetv2-s_1/block6l_se_expand_1/Squeeze,901 909 910 895,1038592,98304
efficientnetv2-s_1/block6l_se_expand_1/Sigmoid,901 910 911 895,1044480,0
efficientnetv2-s_1/block6l_se_excite_1/Mul,901 911 912 895,1923072,0
efficientnetv2-s_1/block6l_project_bn_1/batchnorm/add_1;efficientnetv2-s_1/block6l_project_conv_1/convolution;efficientnetv2-s_1/block6l_project_bn_1/batchnorm/sub,912 913 895,1179648,56623104
efficientnetv2-s_1/block6l_add_1/Add,913 914 895,442368,36864
efficientnetv2-s_1/block6m_expand_bn_1/batchnorm/add_1;efficientnetv2-s_1/block6m_expand_conv_1/convolution;efficientnetv2-s_1/block6m_expand_bn_1/batchnorm/sub,914 915,1032192,56623104
efficientnetv2-s_1/block6m_expand_activation_1/Sigmoid,914 915 916,1916928,0
efficientnetv2-s_1/block6m_expand_activation_1/mul_1,914 915 916 917,2801664,0
efficientnetv2-s_1/block6m_bn_1/batchnorm/add_1;efficientnetv2-s_1/block6m_bn_1/batchnorm/mul_1;efficientnetv2-s_1/block6m_dwconv2_1/depthwise;efficientnetv2-s_1/block6m_bn_1/batchnorm/mul;efficientnetv2-s_1/block6m_bn_1/batchnorm/sub,914 917 918,1916928,1990656
efficientnetv2-s_1/block6m_activation_1/Sigmoid,914 918 919,1916928,0
efficientnetv2-s_1/block6m_activation_1/mul_1,914 918 919 920,2801664,0
efficientnetv2-s_1/block6m_se_squeeze_1/Mean,914 920 921,1038336,221184
efficientnetv2-s_1/block6m_se_reshape_1/Shape,914 920 921 922,1038344,0
efficientnetv2-s_1/block6m_se_reshape_1/strided_slice,914 920 921 922 923,1038348,0
efficientnetv2-s_1/block6m_se_reshape_1/Reshape/shape,914 920 921 923 924,1038356,0
efficientnetv2-s_1/block6m_se_reshape_1/Reshape,914 920 921 924 925,1044496,0
efficientnetv2-s_1/block6m_se_reduce_1/BiasAdd;efficientnetv2-s_1/block6m_se_reduce_1/convolution;efficientnetv2-s_1/block6m_se_reduce_1/Squeeze,914 920 925 926,1038592,98304
efficientnetv2-s_1/block6m_se_reduce_1/Sigmoid,914 920 926 927,1032704,0
efficientnetv2-s_1/block6m_se_reduce_1/mul_1,914 920 926 927 928,1032960,0
efficientnetv2-s_1/block6m_se_expand_1/BiasAdd;efficientnetv2-s_1/block6m_se_expand_1/convolution;efficientnetv2-s_1/block6m_se_expand_1/Squeeze,914 920 928 929,1038592,98304
efficientnetv2-s_1/block6m_se_expand_1/Sigmoid,914 920 930 929,1044480,0
efficientnetv2-s_1/block6m_se_excite_1/Mul,914 920 930 931,1923072,0
efficientnetv2-s_1/block6m_project_bn_1/batchnorm/add_1;efficientnetv2-s_1/block6m_project_conv_1/convolution;efficientnetv2-s_1/block6m_project_bn_1/batchnorm/sub,914 931 932,1179648,56623104
efficientnetv2-s_1/block6m_add_1/Add,914 932 933,442368,36864
efficientnetv2-s_1/block6n_expand_bn_1/batchnorm/add_1;efficientnetv2-s_1/block6n_expand_conv_1/convolution;efficientnetv2-s_1/block6n_expand_bn_1/batchnorm/sub,933 934,1032192,56623104
efficientnetv2-s_1/block6n_expand_activation_1/Sigmoid,933 934 935,1916928,0
efficientnetv2-s_1/block6n_expand_activation_1/mul_1,933 934 935 936,2801664,0
efficientnetv2-s_1/block6n_bn_1/batchnorm/add_1;efficientnetv2-s_1/block6n_bn_1/batchnorm/mul_1;efficientnetv2-s_1/block6n_dwconv2_1/depthwise;efficientnetv2-s_1/block6n_bn_1/batchnorm/mul;efficientnetv2-s_1/block6n_bn_1/batchnorm/sub,933 936 937,1916928,1990656
efficientnetv2-s_1/block6n_activation_1/Sigmoid,933 937 938,1916928,0
efficientnetv2-s_1/block6n_activation_1/mul_1,933 937 938 939,2801664,0
efficientnetv2-s_1/block6n_se_squeeze_1/Mean,933 939 940,1038336,221184
efficientnetv2-s_1/block6n_se_reshape_1/Shape,933 939 940 941,1038344,0
efficientnetv2-s_1/block6n_se_reshape_1/strided_slice,933 939 940 941 942,1038348,0
efficientnetv2-s_1/block6n_se_reshape_1/Reshape/shape,933 939 940 942 943,1038356,0
efficientnetv2-s_1/block6n_se_reshape_1/Reshape,933 939 940 943 944,1044496,0
efficientnetv2-s_1/block6n_se_reduce_1/BiasAdd;efficientnetv2-s_1/block6n_se_reduce_1/convolution;efficientnetv2-s_1/block6n_se_reduce_1/Squeeze,933 939 944 945,1038592,98304
efficientnetv2-s_1/block6n_se_reduce_1/Sigmoid,933 939 945 946,1032704,0
efficientnetv2-s_1/block6n_se_reduce_1/mul_1,933 939 945 946 947,1032960,0
efficientnetv2-s_1/block6n_se_expand_1/BiasAdd;efficientnetv2-s_1/block6n_se_expand_1/convolution;efficientnetv2-s_1/block6n_se_expand_1/Squeeze,933 939 947 948,1038592,98304
efficientnetv2-s_1/block6n_se_expand_1/Sigmoid,933 939 948 949,1044480,0
efficientnetv2-s_1/block6n_se_excite_1/Mul,933 939 949 950,1923072,0
efficientnetv2-s_1/block6n_project_bn_1/batchnorm/add_1;efficientnetv2-s_1/block6n_project_conv_1/convolution;efficientnetv2-s_1/block6n_project_bn_1/batchnorm/sub,933 950 951,1179648,56623104
efficientnetv2-s_1/block6n_add_1/Add,933 951 952,442368,36864
efficientnetv2-s_1/block6o_expand_bn_1/batchnorm/add_1;efficientnetv2-s_1/block6o_expand_conv_1/convolution;efficientnetv2-s_1/block6o_expand_bn_1/batchnorm/sub,952 953,1032192,56623104
efficientnetv2-s_1/block6o_expand_activation_1/Sigmoid,952 953 954,1916928,0
efficientnetv2-s_1/block6o_expand_activation_1/mul_1,952 953 954 955,2801664,0
efficientnetv2-s_1/block6o_bn_1/batchnorm/add_1;efficientnetv2-s_1/block6o_bn_1/batchnorm/mul_1;efficientnetv2-s_1/block6o_dwconv2_1/depthwise;efficientnetv2-s_1/block6o_bn_1/batchnorm/mul;efficientnetv2-s_1/block6o_bn_1/batchnorm/sub,952 955 956,1916928,1990656
efficientnetv2-s_1/block6o_activation_1/Sigmoid,952 956 957,1916928,0
efficientnetv2-s_1/block6o_activation_1/mul_1,952 956 957 958,2801664,0
efficientnetv2-s_1/block6o_se_squeeze_1/Mean,959 952 958,1038336,221184
efficientnetv2-s_1/block6o_se_reshape_1/Shape,952 958 959 960,1038344,0
efficientnetv2-s_1/block6o_se_reshape_1/strided_slice,952 958 959 960 961,1038348,0
efficientnetv2-s_1/block6o_se_reshape_1/Reshape/shape,961 962 959 952 958,1038356,0
efficientnetv2-s_1/block6o_se_reshape_1/Reshape,962 963 952 959 958,1044496,0
efficientnetv2-s_1/block6o_se_reduce_1/BiasAdd;efficientnetv2-s_1/block6o_se_reduce_1/convolution;efficientnetv2-s_1/block6o_se_reduce_1/Squeeze,963 964 952 958,1038592,98304
efficientnetv2-s_1/block6o_se_reduce_1/Sigmoid,964 965 952 958,1032704,0
efficientnetv2-s_1/block6o_se_reduce_1/mul_1,964 965 966 952 958,1032960,0
efficientnetv2-s_1/block6o_se_expand_1/BiasAdd;efficientnetv2-s_1/block6o_se_expand_1/convolution;efficientnetv2-s_1/block6o_se_expand_1/Squeeze,966 967 952 958,1038592,98304
efficientnetv2-s_1/block6o_se_expand_1/Sigmoid,967 968 952 958,1044480,0
efficientnetv2-s_1/block6o_se_excite_1/Mul,968 969 952 958,1923072,0
efficientnetv2-s_1/block6o_project_bn_1/batchnorm/add_1;efficientnetv2-s_1/block6o_project_conv_1/convolution;efficientnetv2-s_1/block6o_project_bn_1/batchnorm/sub,969 970 952,1179648,56623104
efficientnetv2-s_1/block6o_add_1/Add,970 971 952,442368,36864
efficientnetv2-s_1/top_bn_1/batchnorm/add_1;efficientnetv2-s_1/top_conv_1/convolution;efficientnetv2-s_1/top_bn_1/batchnorm/sub,971 972,884736,47185920
efficientnetv2-s_1/top_activation_1/Sigmoid,972 973,1474560,0
efficientnetv2-s_1/top_activation_1/mul_1,972 973 974,2211840,0
efficientnetv2-s_1/avg_pool_1/Mean,974 975,742400,184320
efficientnetv2-s_1/predictions_1/MatMul;efficientnetv2-s_1/predictions_1/BiasAdd,976 975,9120,1280000
StatefulPartitionedCall_1:0,976 977,8000,0
